-- phpMyAdmin SQL Dump
-- version 4.0.10.7
-- http://www.phpmyadmin.net
--
-- Host: localhost:3306
-- Generation Time: Jul 21, 2016 at 11:06 AM
-- Server version: 5.6.28-76.1-log
-- PHP Version: 5.4.31

SET SQL_MODE = "NO_AUTO_VALUE_ON_ZERO";
SET time_zone = "+00:00";


/*!40101 SET @OLD_CHARACTER_SET_CLIENT=@@CHARACTER_SET_CLIENT */;
/*!40101 SET @OLD_CHARACTER_SET_RESULTS=@@CHARACTER_SET_RESULTS */;
/*!40101 SET @OLD_COLLATION_CONNECTION=@@COLLATION_CONNECTION */;
/*!40101 SET NAMES utf8 */;

--
-- Database: `multlaye_spn`
--

-- --------------------------------------------------------

--
-- Table structure for table `actions`
--

CREATE TABLE IF NOT EXISTS `actions` (
  `id` bigint(20) NOT NULL AUTO_INCREMENT,
  `greenhouse_id` int(11) NOT NULL,
  `action` varchar(255) CHARACTER SET utf8 COLLATE utf8_bin NOT NULL,
  `time` datetime NOT NULL,
  `created_at` timestamp NULL DEFAULT NULL,
  `updated_at` timestamp NULL DEFAULT NULL,
  PRIMARY KEY (`id`)
) ENGINE=InnoDB  DEFAULT CHARSET=utf8 COLLATE=utf8_unicode_ci AUTO_INCREMENT=208 ;

--
-- Dumping data for table `actions`
--

INSERT INTO `actions` (`id`, `greenhouse_id`, `action`, `time`, `created_at`, `updated_at`) VALUES
(1, 101, 'pump1', '2016-06-25 12:21:18', '2016-06-25 17:21:18', NULL),
(2, 101, 'fan', '2016-06-25 12:21:19', '2016-06-25 17:21:18', NULL),
(3, 101, 'pump2', '2016-06-25 12:21:20', '2016-06-25 17:21:18', NULL),
(4, 101, 'light', '2016-06-25 12:21:21', '2016-06-25 17:21:18', NULL),
(5, 101, 'heater', '2016-06-25 12:21:22', '2016-06-25 17:21:18', NULL),
(6, 101, 'steamer', '2016-06-25 12:21:23', '2016-06-25 17:21:18', '2016-06-25 17:21:18'),
(8, 101, 'fan', '2016-07-02 18:00:46', '2016-07-02 23:01:35', '2016-07-02 23:01:35'),
(17, 101, 'pump1', '2016-07-02 18:15:04', '2016-07-02 23:15:39', '2016-07-02 23:15:39'),
(18, 101, 'pump2', '2016-07-02 18:15:34', '2016-07-02 23:16:12', '2016-07-02 23:16:12'),
(19, 101, 'fan', '2016-07-02 18:19:28', '2016-07-02 23:20:14', '2016-07-02 23:20:14'),
(39, 101, 'pump1', '2016-07-03 16:38:32', '2016-07-03 21:39:10', '2016-07-03 21:39:10'),
(40, 101, 'pump1', '2016-07-03 16:38:32', '2016-07-03 21:39:17', '2016-07-03 21:39:17'),
(41, 101, 'pump1', '2016-07-03 16:38:32', '2016-07-03 21:39:23', '2016-07-03 21:39:23'),
(42, 101, 'pump2', '2016-07-03 16:38:41', '2016-07-03 21:39:33', '2016-07-03 21:39:33'),
(43, 101, 'heater', '2016-07-03 16:39:44', '2016-07-03 21:40:24', '2016-07-03 21:40:24'),
(44, 101, 'heater', '2016-07-03 16:39:44', '2016-07-03 21:40:42', '2016-07-03 21:40:42'),
(45, 101, 'fan', '2016-07-03 16:44:52', '2016-07-03 21:45:37', '2016-07-03 21:45:37'),
(46, 101, 'fan', '2016-07-03 16:44:52', '2016-07-03 21:45:43', '2016-07-03 21:45:43'),
(47, 101, 'fan', '2016-07-03 16:44:52', '2016-07-03 21:45:50', '2016-07-03 21:45:50'),
(48, 101, 'fan', '2016-07-03 16:44:52', '2016-07-03 21:46:15', '2016-07-03 21:46:15'),
(49, 101, 'fan', '2016-07-03 16:44:52', '2016-07-03 21:46:21', '2016-07-03 21:46:21'),
(50, 101, 'fan', '2016-07-03 16:44:52', '2016-07-03 21:46:28', '2016-07-03 21:46:28'),
(51, 101, 'fan', '2016-07-03 16:46:09', '2016-07-03 21:47:00', '2016-07-03 21:47:00'),
(52, 101, 'fan', '2016-07-03 16:44:52', '2016-07-03 21:47:16', '2016-07-03 21:47:16'),
(53, 101, 'fan', '2016-07-03 16:44:52', '2016-07-03 21:47:22', '2016-07-03 21:47:22'),
(54, 101, 'fan', '2016-07-03 16:46:09', '2016-07-03 21:47:43', '2016-07-03 21:47:43'),
(55, 101, 'fan', '2016-07-03 16:46:09', '2016-07-03 21:47:50', '2016-07-03 21:47:50'),
(56, 101, 'fan', '2016-07-03 16:46:09', '2016-07-03 21:47:56', '2016-07-03 21:47:56'),
(57, 101, 'fan', '2016-07-03 16:45:12', '2016-07-03 21:48:17', '2016-07-03 21:48:17'),
(58, 101, 'fan', '2016-07-03 16:45:55', '2016-07-03 21:48:24', '2016-07-03 21:48:24'),
(59, 101, 'heater', '2016-07-03 17:09:48', '2016-07-03 22:10:31', '2016-07-03 22:10:31'),
(60, 101, 'fan', '2016-07-03 17:09:53', '2016-07-03 22:10:41', '2016-07-03 22:10:41'),
(61, 101, 'fan', '2016-07-03 17:09:53', '2016-07-03 22:10:48', '2016-07-03 22:10:48'),
(62, 101, 'fan', '2016-07-03 17:09:53', '2016-07-03 22:10:54', '2016-07-03 22:10:54'),
(63, 101, 'fan', '2016-07-03 17:09:53', '2016-07-03 22:11:06', '2016-07-03 22:11:06'),
(64, 101, 'fan', '2016-07-03 17:09:53', '2016-07-03 22:11:12', '2016-07-03 22:11:12'),
(65, 101, 'fan', '2016-07-03 17:09:53', '2016-07-03 22:11:20', '2016-07-03 22:11:20'),
(66, 101, 'fan', '2016-07-03 17:09:53', '2016-07-03 22:11:36', '2016-07-03 22:11:36'),
(67, 101, 'pump1', '2016-07-03 17:17:35', '2016-07-03 22:18:09', '2016-07-03 22:18:09'),
(68, 101, 'steamer', '2016-07-03 17:20:17', '2016-07-03 22:21:07', '2016-07-03 22:21:07'),
(69, 101, 'steamer', '2016-07-03 17:20:17', '2016-07-03 22:21:13', '2016-07-03 22:21:13'),
(70, 101, 'steamer', '2016-07-03 17:20:17', '2016-07-03 22:21:20', '2016-07-03 22:21:20'),
(71, 101, 'steamer', '2016-07-03 17:20:17', '2016-07-03 22:21:30', '2016-07-03 22:21:30'),
(72, 101, 'steamer', '2016-07-03 17:20:17', '2016-07-03 22:21:36', '2016-07-03 22:21:36'),
(73, 101, 'steamer', '2016-07-03 17:20:17', '2016-07-03 22:21:43', '2016-07-03 22:21:43'),
(74, 101, 'steamer', '2016-07-03 17:20:17', '2016-07-03 22:21:58', '2016-07-03 22:21:58'),
(75, 101, 'heater', '2016-07-03 17:21:42', '2016-07-03 22:22:24', '2016-07-03 22:22:24'),
(76, 101, 'heater', '2016-07-03 17:21:42', '2016-07-03 22:22:30', '2016-07-03 22:22:30'),
(77, 101, 'heater', '2016-07-03 17:21:42', '2016-07-03 22:22:39', '2016-07-03 22:22:39'),
(78, 101, 'heater', '2016-07-03 17:21:42', '2016-07-03 22:22:52', '2016-07-03 22:22:52'),
(79, 101, 'heater', '2016-07-03 17:21:42', '2016-07-03 22:23:03', '2016-07-03 22:23:03'),
(80, 101, 'heater', '2016-07-03 17:21:42', '2016-07-03 22:23:09', '2016-07-03 22:23:09'),
(81, 101, 'heater', '2016-07-03 17:21:42', '2016-07-03 22:23:16', '2016-07-03 22:23:16'),
(82, 101, 'heater', '2016-07-03 17:21:42', '2016-07-03 22:23:23', '2016-07-03 22:23:23'),
(83, 101, 'heater', '2016-07-03 17:21:42', '2016-07-03 22:23:34', '2016-07-03 22:23:34'),
(84, 101, 'heater', '2016-07-03 17:21:42', '2016-07-03 22:23:41', '2016-07-03 22:23:41'),
(85, 101, 'heater', '2016-07-03 17:21:42', '2016-07-03 22:23:47', '2016-07-03 22:23:47'),
(86, 101, 'heater', '2016-07-03 17:21:59', '2016-07-03 22:23:59', '2016-07-03 22:23:59'),
(87, 101, 'heater', '2016-07-03 17:21:42', '2016-07-03 22:24:06', '2016-07-03 22:24:06'),
(88, 101, 'pump1', '2016-07-03 17:37:28', '2016-07-03 22:42:19', '2016-07-03 22:42:19'),
(89, 101, 'pump1', '2016-07-03 17:37:28', '2016-07-03 22:42:25', '2016-07-03 22:42:25'),
(90, 101, 'pump1', '2016-07-03 17:37:28', '2016-07-03 22:42:44', '2016-07-03 22:42:44'),
(91, 101, 'pump1', '2016-07-03 17:37:28', '2016-07-03 22:43:01', '2016-07-03 22:43:01'),
(92, 101, 'steamer', '2016-07-03 17:48:27', '2016-07-03 22:49:17', '2016-07-03 22:49:17'),
(93, 101, 'steamer', '2016-07-03 17:48:27', '2016-07-03 22:49:18', '2016-07-03 22:49:18'),
(94, 101, 'steamer', '2016-07-03 17:48:27', '2016-07-03 22:49:25', '2016-07-03 22:49:25'),
(95, 101, 'steamer', '2016-07-03 17:48:27', '2016-07-03 22:49:35', '2016-07-03 22:49:35'),
(96, 101, 'steamer', '2016-07-03 17:48:27', '2016-07-03 22:49:41', '2016-07-03 22:49:41'),
(97, 101, 'steamer', '2016-07-03 17:48:27', '2016-07-03 22:49:48', '2016-07-03 22:49:48'),
(98, 101, 'steamer', '2016-07-03 17:48:27', '2016-07-03 22:50:13', '2016-07-03 22:50:13'),
(99, 101, 'steamer', '2016-07-03 17:49:35', '2016-07-03 22:50:24', '2016-07-03 22:50:24'),
(100, 101, 'steamer', '2016-07-03 17:48:27', '2016-07-03 22:50:31', '2016-07-03 22:50:31'),
(101, 101, 'steamer', '2016-07-03 17:49:53', '2016-07-03 22:50:42', '2016-07-03 22:50:42'),
(102, 101, 'steamer', '2016-07-03 17:49:53', '2016-07-03 22:50:49', '2016-07-03 22:50:49'),
(103, 101, 'steamer', '2016-07-03 17:49:53', '2016-07-03 22:51:01', '2016-07-03 22:51:01'),
(104, 101, 'steamer', '2016-07-03 17:49:53', '2016-07-03 22:51:21', '2016-07-03 22:51:21'),
(105, 101, 'pump1', '2016-07-03 18:06:50', '2016-07-03 23:07:27', '2016-07-03 23:07:27'),
(106, 101, 'fan', '2016-07-03 18:08:30', '2016-07-03 23:09:16', '2016-07-03 23:09:16'),
(107, 101, 'fan', '2016-07-03 18:08:30', '2016-07-03 23:09:22', '2016-07-03 23:09:22'),
(108, 101, 'fan', '2016-07-03 18:08:30', '2016-07-03 23:09:29', '2016-07-03 23:09:29'),
(109, 101, 'fan', '2016-07-03 18:08:30', '2016-07-03 23:09:54', '2016-07-03 23:09:54'),
(110, 101, 'fan', '2016-07-03 18:08:30', '2016-07-03 23:09:55', '2016-07-03 23:09:55'),
(111, 101, 'fan', '2016-07-03 18:08:30', '2016-07-03 23:10:02', '2016-07-03 23:10:02'),
(112, 101, 'pump1', '2016-07-04 16:13:57', '2016-07-04 21:14:33', '2016-07-04 21:14:33'),
(113, 101, 'pump1', '2016-07-04 16:14:20', '2016-07-04 21:14:56', '2016-07-04 21:14:56'),
(114, 101, 'pump1', '2016-07-04 16:15:01', '2016-07-04 21:15:38', '2016-07-04 21:15:38'),
(115, 101, 'pump1', '2016-07-04 16:15:44', '2016-07-04 21:16:19', '2016-07-04 21:16:19'),
(116, 101, 'pump2', '2016-07-04 16:16:13', '2016-07-04 21:16:47', '2016-07-04 21:16:47'),
(117, 101, 'pump2', '2016-07-04 16:17:13', '2016-07-04 21:17:51', '2016-07-04 21:17:51'),
(118, 101, 'pump2', '2016-07-04 16:17:34', '2016-07-04 21:18:10', '2016-07-04 21:18:10'),
(119, 101, 'heater', '2016-07-04 16:18:19', '2016-07-04 21:18:58', '2016-07-04 21:18:58'),
(120, 101, 'heater', '2016-07-04 16:18:19', '2016-07-04 21:19:05', '2016-07-04 21:19:05'),
(121, 101, 'heater', '2016-07-04 16:18:19', '2016-07-04 21:19:07', '2016-07-04 21:19:07'),
(122, 101, 'heater', '2016-07-04 16:18:19', '2016-07-04 21:19:18', '2016-07-04 21:19:18'),
(123, 101, 'heater', '2016-07-04 16:18:19', '2016-07-04 21:19:24', '2016-07-04 21:19:24'),
(124, 101, 'heater', '2016-07-04 16:18:19', '2016-07-04 21:19:31', '2016-07-04 21:19:31'),
(125, 101, 'pump1', '2016-07-04 17:17:55', '2016-07-04 22:18:32', '2016-07-04 22:18:32'),
(126, 101, 'steamer', '2016-07-04 17:19:39', '2016-07-04 22:20:30', '2016-07-04 22:20:30'),
(127, 101, 'steamer', '2016-07-04 17:19:39', '2016-07-04 22:20:36', '2016-07-04 22:20:36'),
(128, 101, 'steamer', '2016-07-04 17:19:39', '2016-07-04 22:20:43', '2016-07-04 22:20:43'),
(129, 101, 'steamer', '2016-07-04 17:19:55', '2016-07-04 22:21:02', '2016-07-04 22:21:02'),
(130, 101, 'steamer', '2016-07-04 17:19:55', '2016-07-04 22:21:04', '2016-07-04 22:21:04'),
(131, 101, 'steamer', '2016-07-04 17:19:55', '2016-07-04 22:21:10', '2016-07-04 22:21:10'),
(132, 101, 'pump2', '2016-07-05 10:32:58', '2016-07-05 15:33:31', '2016-07-05 15:33:31'),
(133, 101, 'heater', '2016-07-05 10:34:09', '2016-07-05 15:34:52', '2016-07-05 15:34:52'),
(134, 101, 'heater', '2016-07-05 10:34:09', '2016-07-05 15:34:59', '2016-07-05 15:34:59'),
(135, 101, 'heater', '2016-07-05 10:34:09', '2016-07-05 15:35:05', '2016-07-05 15:35:05'),
(136, 101, 'heater', '2016-07-05 10:34:09', '2016-07-05 15:35:38', '2016-07-05 15:35:38'),
(137, 101, 'fan', '2016-07-05 10:38:09', '2016-07-05 15:39:00', '2016-07-05 15:39:00'),
(138, 101, 'fan', '2016-07-05 10:38:09', '2016-07-05 15:39:06', '2016-07-05 15:39:06'),
(139, 101, 'fan', '2016-07-05 10:38:09', '2016-07-05 15:39:13', '2016-07-05 15:39:13'),
(140, 101, 'fan', '2016-07-05 10:38:22', '2016-07-05 15:39:23', '2016-07-05 15:39:23'),
(141, 101, 'fan', '2016-07-05 10:38:22', '2016-07-05 15:39:30', '2016-07-05 15:39:30'),
(142, 101, 'fan', '2016-07-05 10:38:22', '2016-07-05 15:39:36', '2016-07-05 15:39:36'),
(143, 101, 'fan', '2016-07-05 10:38:49', '2016-07-05 15:39:51', '2016-07-05 15:39:51'),
(144, 101, 'fan', '2016-07-05 10:38:49', '2016-07-05 15:39:58', '2016-07-05 15:39:58'),
(145, 101, 'fan', '2016-07-05 10:38:49', '2016-07-05 15:40:04', '2016-07-05 15:40:04'),
(146, 101, 'fan', '2016-07-05 10:39:59', '2016-07-05 15:40:44', '2016-07-05 15:40:44'),
(147, 101, 'fan', '2016-07-05 10:39:59', '2016-07-05 15:40:51', '2016-07-05 15:40:51'),
(148, 101, 'fan', '2016-07-05 10:39:59', '2016-07-05 15:40:57', '2016-07-05 15:40:57'),
(149, 101, 'fan', '2016-07-05 10:39:59', '2016-07-05 15:41:07', '2016-07-05 15:41:07'),
(150, 101, 'fan', '2016-07-05 10:39:59', '2016-07-05 15:41:14', '2016-07-05 15:41:14'),
(151, 101, 'pump2', '2016-07-05 10:41:26', '2016-07-05 15:42:01', '2016-07-05 15:42:01'),
(152, 101, 'pump2', '2016-07-05 10:41:40', '2016-07-05 15:42:18', '2016-07-05 15:42:18'),
(153, 101, 'heater', '2016-07-05 10:44:18', '2016-07-05 15:45:02', '2016-07-05 15:45:02'),
(154, 101, 'heater', '2016-07-05 10:44:18', '2016-07-05 15:45:08', '2016-07-05 15:45:08'),
(155, 101, 'heater', '2016-07-05 10:44:18', '2016-07-05 15:45:15', '2016-07-05 15:45:15'),
(156, 101, 'pump2', '2016-07-05 10:44:28', '2016-07-05 15:45:25', '2016-07-05 15:45:25'),
(157, 101, 'pump2', '2016-07-05 10:44:28', '2016-07-05 15:45:31', '2016-07-05 15:45:31'),
(158, 101, 'pump1', '2016-07-05 11:16:38', '2016-07-05 16:17:15', '2016-07-05 16:17:15'),
(159, 101, 'pump1', '2016-07-05 11:17:12', '2016-07-05 16:17:49', '2016-07-05 16:17:49'),
(160, 101, 'heater', '2016-07-05 11:19:01', '2016-07-05 16:19:45', '2016-07-05 16:19:45'),
(161, 101, 'heater', '2016-07-05 11:19:01', '2016-07-05 16:19:52', '2016-07-05 16:19:52'),
(162, 101, 'heater', '2016-07-05 11:19:01', '2016-07-05 16:19:58', '2016-07-05 16:19:58'),
(163, 101, 'heater', '2016-07-05 11:19:01', '2016-07-05 16:20:11', '2016-07-05 16:20:11'),
(164, 101, 'heater', '2016-07-05 11:19:37', '2016-07-05 16:20:25', '2016-07-05 16:20:25'),
(165, 101, 'heater', '2016-07-05 11:19:37', '2016-07-05 16:20:27', '2016-07-05 16:20:27'),
(166, 101, 'heater', '2016-07-05 11:19:52', '2016-07-05 16:20:38', '2016-07-05 16:20:38'),
(167, 101, 'heater', '2016-07-05 11:19:52', '2016-07-05 16:20:44', '2016-07-05 16:20:44'),
(168, 101, 'heater', '2016-07-05 11:20:03', '2016-07-05 16:20:58', '2016-07-05 16:20:58'),
(169, 101, 'pump1', '2016-07-05 11:41:04', '2016-07-05 16:41:41', '2016-07-05 16:41:41'),
(170, 101, 'pump1', '2016-07-05 12:40:19', '2016-07-05 17:40:55', '2016-07-05 17:40:55'),
(171, 101, 'pump1', '2016-07-05 12:40:34', '2016-07-05 17:41:10', '2016-07-05 17:41:10'),
(172, 101, 'pump1', '2016-07-05 12:40:50', '2016-07-05 17:41:25', '2016-07-05 17:41:25'),
(173, 101, 'pump1', '2016-07-05 12:41:04', '2016-07-05 17:41:40', '2016-07-05 17:41:40'),
(174, 101, 'heater', '2016-07-05 12:42:50', '2016-07-05 17:43:34', '2016-07-05 17:43:34'),
(175, 101, 'steamer', '2016-07-14 16:45:22', '2016-07-14 21:46:05', '2016-07-14 21:46:05'),
(176, 101, 'steamer', '2016-07-14 16:45:22', '2016-07-14 21:46:12', '2016-07-14 21:46:12'),
(177, 101, 'steamer', '2016-07-14 16:45:22', '2016-07-14 21:46:19', '2016-07-14 21:46:19'),
(178, 101, 'steamer', '2016-07-14 16:45:22', '2016-07-14 21:46:21', '2016-07-14 21:46:21'),
(179, 101, 'steamer', '2016-07-14 16:45:22', '2016-07-14 21:46:26', '2016-07-14 21:46:26'),
(180, 101, 'steamer', '2016-07-14 16:45:22', '2016-07-14 21:46:33', '2016-07-14 21:46:33'),
(181, 101, 'steamer', '2016-07-14 16:45:22', '2016-07-14 21:46:39', '2016-07-14 21:46:39'),
(182, 101, 'steamer', '2016-07-14 18:25:35', '2016-07-14 23:26:11', '2016-07-14 23:26:11'),
(183, 101, 'pump2', '2016-07-14 18:27:48', '2016-07-14 23:28:25', '2016-07-14 23:28:25'),
(184, 101, 'pump1', '2016-07-14 18:33:22', '2016-07-14 23:33:56', '2016-07-14 23:33:56'),
(185, 101, 'heater', '2016-07-14 18:48:26', '2016-07-14 23:49:09', '2016-07-14 23:49:09'),
(186, 101, 'heater', '2016-07-14 18:48:26', '2016-07-14 23:49:16', '2016-07-14 23:49:16'),
(187, 101, 'heater', '2016-07-14 18:48:26', '2016-07-14 23:49:23', '2016-07-14 23:49:23'),
(188, 101, 'heater', '2016-07-14 18:48:26', '2016-07-14 23:49:33', '2016-07-14 23:49:33'),
(189, 101, 'heater', '2016-07-14 18:48:37', '2016-07-14 23:49:39', '2016-07-14 23:49:39'),
(190, 101, 'heater', '2016-07-14 18:48:37', '2016-07-14 23:49:46', '2016-07-14 23:49:46'),
(191, 101, 'heater', '2016-07-14 18:48:56', '2016-07-14 23:49:58', '2016-07-14 23:49:58'),
(192, 101, 'heater', '2016-07-14 18:48:56', '2016-07-14 23:50:05', '2016-07-14 23:50:05'),
(193, 101, 'heater', '2016-07-14 18:48:56', '2016-07-14 23:50:12', '2016-07-14 23:50:12'),
(194, 101, 'heater', '2016-07-14 18:49:53', '2016-07-14 23:50:45', '2016-07-14 23:50:45'),
(195, 101, 'pump2', '2016-07-14 18:53:04', '2016-07-14 23:53:41', '2016-07-14 23:53:41'),
(196, 101, 'pump2', '2016-07-14 18:59:43', '2016-07-15 00:00:18', '2016-07-15 00:00:18'),
(197, 101, 'pump2', '2016-07-14 19:02:34', '2016-07-15 00:03:10', '2016-07-15 00:03:10'),
(198, 101, 'light', '2016-07-14 19:10:03', '2016-07-15 00:10:40', '2016-07-15 00:10:40'),
(199, 101, 'pump1', '2016-07-14 19:11:29', '2016-07-15 00:12:10', '2016-07-15 00:12:10'),
(200, 101, 'heater', '2016-07-14 19:14:09', '2016-07-15 00:14:52', '2016-07-15 00:14:52'),
(201, 101, 'pump2', '2016-07-14 19:14:47', '2016-07-15 00:15:24', '2016-07-15 00:15:24'),
(202, 101, 'pump2', '2016-07-14 19:15:03', '2016-07-15 00:15:37', '2016-07-15 00:15:37'),
(203, 101, 'light', '2016-07-14 19:16:45', '2016-07-15 00:17:20', '2016-07-15 00:17:20'),
(204, 101, 'light', '2016-07-14 19:16:45', '2016-07-15 00:17:30', '2016-07-15 00:17:30'),
(205, 101, 'light', '2016-07-14 19:16:45', '2016-07-15 00:17:36', '2016-07-15 00:17:36'),
(206, 101, 'light', '2016-07-14 19:16:45', '2016-07-15 00:17:43', '2016-07-15 00:17:43'),
(207, 101, 'shtoo yatambal', '1989-01-12 10:11:12', '2016-07-16 17:08:49', '2016-07-16 17:08:49');

-- --------------------------------------------------------

--
-- Table structure for table `greenhouse_data`
--

CREATE TABLE IF NOT EXISTS `greenhouse_data` (
  `id` bigint(20) unsigned NOT NULL AUTO_INCREMENT,
  `greenhouse_id` int(11) NOT NULL,
  `key` varchar(255) CHARACTER SET utf8 COLLATE utf8_bin NOT NULL,
  `value` varchar(255) CHARACTER SET utf8 COLLATE utf8_bin NOT NULL,
  `time` datetime NOT NULL,
  `created_at` timestamp NULL DEFAULT NULL,
  `updated_at` timestamp NULL DEFAULT NULL,
  PRIMARY KEY (`id`)
) ENGINE=InnoDB  DEFAULT CHARSET=utf8 COLLATE=utf8_unicode_ci AUTO_INCREMENT=473 ;

--
-- Dumping data for table `greenhouse_data`
--

INSERT INTO `greenhouse_data` (`id`, `greenhouse_id`, `key`, `value`, `time`, `created_at`, `updated_at`) VALUES
(1, 101, 'soilHumidity1', '30', '2016-07-04 11:54:56', NULL, NULL),
(2, 101, 'soilHumidity2', '31', '2016-07-05 08:54:58', NULL, NULL),
(3, 101, 'temperature', '28.9', '2016-07-05 06:40:59', NULL, NULL),
(4, 101, 'temperature', '28', '2016-07-05 06:30:59', NULL, NULL),
(5, 101, 'luminance', '60', '2016-07-05 11:30:59', NULL, NULL),
(6, 101, 'temperature', '28', '2016-07-05 06:30:59', NULL, NULL),
(7, 101, 'temperature', '27.5', '2016-07-05 06:35:59', NULL, NULL),
(8, 101, 'temperature', '27.8', '2016-07-05 07:35:59', NULL, NULL),
(9, 101, 'temperature', '27.9', '2016-07-05 07:40:59', NULL, NULL),
(10, 101, 'temperature', '27.0', '2016-07-05 07:45:59', NULL, NULL),
(11, 101, 'temperature', '26.9', '2016-07-05 07:50:59', NULL, NULL),
(12, 101, 'soilHumidity1', '28', '2016-07-05 10:50:59', NULL, NULL),
(13, 101, 'soilHumidity1', '28.1', '2016-07-05 09:50:54', NULL, NULL),
(14, 101, 'soilHumidity1', '28.6', '2016-07-05 08:50:43', NULL, NULL),
(15, 101, 'soilHumidity1', '28.5', '2016-07-05 07:50:11', NULL, NULL),
(16, 101, 'soilHumidity1', '26.1', '2016-07-05 09:50:54', NULL, NULL),
(17, 101, 'soilHumidity1', '28.8', '2016-07-05 08:50:23', NULL, NULL),
(18, 101, 'soilHumidity1', '28.4', '2016-07-05 10:50:39', NULL, NULL),
(19, 101, 'soilHumidity1', '27.8', '2016-07-05 11:50:29', NULL, NULL),
(20, 101, 'soilHumidity1', '28.1', '2016-07-05 12:50:52', NULL, NULL),
(21, 101, 'soilHumidity1', '27.9', '2016-07-05 13:51:37', NULL, NULL),
(22, 101, 'soilHumidity1', '28.4', '2016-07-05 10:55:34', NULL, NULL),
(23, 101, 'soilHumidity1', '28.3', '2016-07-05 12:54:45', NULL, NULL),
(24, 101, 'soilHumidity1', '28.1', '2016-07-05 12:58:56', NULL, NULL),
(25, 101, 'soilHumidity1', '28', '2016-07-05 07:50:59', NULL, NULL),
(26, 101, 'soilHumidity2', '25.1', '2016-07-05 09:50:54', NULL, NULL),
(27, 101, 'soilHumidity2', '25.6', '2016-07-05 10:50:43', NULL, NULL),
(28, 101, 'soilHumidity2', '25.5', '2016-07-05 11:50:11', NULL, NULL),
(29, 101, 'soilHumidity2', '26.1', '2016-07-05 12:52:54', NULL, NULL),
(30, 101, 'soilHumidity2', '25.8', '2016-07-05 13:54:23', NULL, NULL),
(31, 101, 'soilHumidity2', '25.4', '2016-07-05 12:56:39', NULL, NULL),
(32, 101, 'soilHumidity2', '26.8', '2016-07-05 11:55:29', NULL, NULL),
(33, 101, 'soilHumidity2', '25.1', '2016-07-05 12:54:52', NULL, NULL),
(34, 101, 'soilHumidity2', '25.9', '2016-07-05 11:53:37', NULL, NULL),
(35, 101, 'soilHumidity2', '26.4', '2016-07-05 11:55:34', NULL, NULL),
(36, 101, 'soilHumidity2', '26.3', '2016-07-05 13:54:45', NULL, NULL),
(37, 101, 'soilHumidity2', '25.1', '2016-07-05 09:58:56', NULL, NULL),
(38, 101, 'temperature', '28', '2016-07-05 08:50:59', NULL, NULL),
(39, 101, 'temperature', '25.1', '2016-07-05 08:50:54', NULL, NULL),
(40, 101, 'temperature', '25.6', '2016-07-05 08:50:43', NULL, NULL),
(41, 101, 'temperature', '25.5', '2016-07-05 08:50:11', NULL, NULL),
(42, 101, 'temperature', '26.1', '2016-07-05 09:52:54', NULL, NULL),
(43, 101, 'temperature', '25.8', '2016-07-05 09:54:23', NULL, NULL),
(44, 101, 'temperature', '25.4', '2016-07-05 09:56:39', NULL, NULL),
(45, 101, 'temperature', '26.8', '2016-07-05 11:55:29', NULL, NULL),
(46, 101, 'temperature', '25.1', '2016-07-05 12:54:52', NULL, NULL),
(47, 101, 'temperature', '25.9', '2016-07-05 11:53:37', NULL, NULL),
(48, 101, 'temperature', '26.4', '2016-07-05 11:55:34', NULL, NULL),
(49, 101, 'temperature', '26.3', '2016-07-05 12:54:45', NULL, NULL),
(50, 101, 'temperature', '25.1', '2016-07-05 10:58:56', NULL, NULL),
(51, 101, 'luminance', '41.3', '2016-07-05 12:48:53', NULL, NULL),
(52, 101, 'luminance', '42.4', '2016-07-05 08:53:53', NULL, NULL),
(53, 101, 'luminance', '41.7', '2016-07-05 07:28:56', NULL, NULL),
(54, 101, 'luminance', '40.6', '2016-07-05 08:34:57', NULL, NULL),
(55, 101, 'luminance', '43.4', '2016-07-05 12:34:46', NULL, NULL),
(56, 101, 'luminance', '43.8', '2016-07-05 11:32:36', NULL, NULL),
(57, 101, 'luminance', '41.9', '2016-07-05 09:56:56', NULL, NULL),
(58, 101, 'luminance', '45.2', '2016-07-05 07:48:36', NULL, NULL),
(59, 101, 'luminance', '43.4', '2016-07-05 11:58:16', NULL, NULL),
(60, 101, 'luminance', '46.3', '2016-07-05 12:53:55', NULL, NULL),
(61, 101, 'luminance', '46.3', '2016-07-05 10:34:43', NULL, NULL),
(62, 101, 'luminance', '43.4', '2016-07-05 13:53:26', NULL, NULL),
(63, 101, 'airHumidity', '51.3', '2016-07-05 10:48:53', NULL, NULL),
(64, 101, 'airHumidity', '52.4', '2016-07-05 11:53:53', NULL, NULL),
(65, 101, 'airHumidity', '51.7', '2016-07-05 09:28:56', NULL, NULL),
(66, 101, 'airHumidity', '50.6', '2016-07-05 08:34:57', NULL, NULL),
(67, 101, 'airHumidity', '53.4', '2016-07-05 08:34:46', NULL, NULL),
(68, 101, 'airHumidity', '53.8', '2016-07-05 09:32:36', NULL, NULL),
(69, 101, 'airHumidity', '51.9', '2016-07-05 12:56:56', NULL, NULL),
(70, 101, 'airHumidity', '55.2', '2016-07-05 11:48:36', NULL, NULL),
(71, 101, 'airHumidity', '53.4', '2016-07-05 10:58:16', NULL, NULL),
(72, 101, 'airHumidity', '56.3', '2016-07-05 09:53:55', NULL, NULL),
(73, 101, 'airHumidity', '56.3', '2016-07-05 13:34:43', NULL, NULL),
(74, 101, 'airHumidity', '53.4', '2016-07-05 13:53:26', NULL, NULL),
(75, 101, 'electricity', '30', '2016-07-05 11:54:56', NULL, NULL),
(76, 101, 'electricity', '31', '2016-07-05 14:54:58', NULL, NULL),
(77, 101, 'electricity', '28.9', '2016-07-04 14:40:59', NULL, NULL),
(78, 101, 'electricity', '28', '2016-07-04 14:30:59', NULL, NULL),
(79, 101, 'electricity', '60', '2016-07-04 14:30:59', NULL, NULL),
(80, 101, 'electricity', '28', '2016-07-03 14:30:59', NULL, NULL),
(81, 101, 'electricity', '27.5', '2016-07-03 14:35:59', NULL, NULL),
(82, 101, 'electricity', '27.8', '2016-07-03 14:35:59', NULL, NULL),
(83, 101, 'electricity', '27.9', '2016-07-03 14:40:59', NULL, NULL),
(84, 101, 'electricity', '27.0', '2016-07-03 14:45:59', NULL, NULL),
(85, 101, 'electricity', '26.9', '2016-07-03 14:50:59', NULL, NULL),
(86, 101, 'electricity', '28', '2016-07-03 14:50:59', NULL, NULL),
(87, 101, 'electricity', '28.1', '2016-07-03 14:50:54', NULL, NULL),
(88, 101, 'electricity', '28.6', '2016-07-03 15:50:43', NULL, NULL),
(89, 101, 'electricity', '28.5', '2016-07-03 16:50:11', NULL, NULL),
(90, 101, 'electricity', '26.1', '2016-07-03 17:50:54', NULL, NULL),
(91, 101, 'electricity', '28.8', '2016-07-03 18:50:23', NULL, NULL),
(92, 101, 'electricity', '28.4', '2016-07-02 19:50:39', NULL, NULL),
(93, 101, 'electricity', '27.8', '2016-07-02 11:50:29', NULL, NULL),
(94, 101, 'electricity', '28.1', '2016-07-02 12:50:52', NULL, NULL),
(95, 101, 'electricity', '27.9', '2016-07-02 16:51:37', NULL, NULL),
(96, 101, 'electricity', '28.4', '2016-07-02 14:55:34', NULL, NULL),
(97, 101, 'electricity', '28.3', '2016-07-02 12:54:45', NULL, NULL),
(98, 101, 'electricity', '28.1', '2016-07-01 17:58:56', NULL, NULL),
(99, 101, 'electricity', '28', '2016-07-01 14:50:59', NULL, NULL),
(100, 101, 'electricity', '25.1', '2016-07-01 14:50:54', NULL, NULL),
(101, 101, 'electricity', '25.6', '2016-07-01 15:50:43', NULL, NULL),
(102, 101, 'electricity', '25.5', '2016-07-01 16:50:11', NULL, NULL),
(103, 101, 'electricity', '26.1', '2016-07-01 17:52:54', NULL, NULL),
(104, 101, 'water', '25.8', '2016-07-01 18:52:23', NULL, NULL),
(105, 101, 'water', '25.4', '2016-07-01 19:56:39', NULL, NULL),
(106, 101, 'water', '26.8', '2016-07-01 11:55:29', NULL, NULL),
(107, 101, 'water', '25.1', '2016-07-01 12:54:52', NULL, NULL),
(108, 101, 'water', '25.9', '2016-07-01 16:53:37', NULL, NULL),
(109, 101, 'water', '26.4', '2016-07-01 14:55:34', NULL, NULL),
(110, 101, 'water', '26.3', '2016-07-02 12:54:45', NULL, NULL),
(111, 101, 'water', '25.1', '2016-07-02 17:58:56', NULL, NULL),
(112, 101, 'water', '28', '2016-07-02 14:50:59', NULL, NULL),
(113, 101, 'water', '25.1', '2016-07-02 14:50:54', NULL, NULL),
(114, 101, 'water', '25.6', '2016-07-02 15:50:43', NULL, NULL),
(115, 101, 'water', '25.5', '2016-07-02 16:50:11', NULL, NULL),
(116, 101, 'water', '26.1', '2016-07-02 17:52:54', NULL, NULL),
(117, 101, 'water', '25.8', '2016-07-03 18:54:23', NULL, NULL),
(118, 101, 'water', '25.4', '2016-07-03 19:56:39', NULL, NULL),
(119, 101, 'water', '26.8', '2016-07-03 11:55:29', NULL, NULL),
(120, 101, 'water', '25.1', '2016-07-03 12:54:52', NULL, NULL),
(121, 101, 'water', '25.9', '2016-07-03 16:53:37', NULL, NULL),
(122, 101, 'water', '26.4', '2016-07-03 14:55:34', NULL, NULL),
(123, 101, 'water', '26.3', '2016-07-03 12:54:45', NULL, NULL),
(124, 101, 'water', '25.1', '2016-07-03 17:58:56', NULL, NULL),
(125, 101, 'water', '41.3', '2016-07-03 14:48:53', NULL, NULL),
(126, 101, 'water', '42.4', '2016-07-03 17:53:53', NULL, NULL),
(127, 101, 'water', '41.7', '2016-07-03 14:28:56', NULL, NULL),
(128, 101, 'water', '40.6', '2016-07-03 15:34:57', NULL, NULL),
(129, 101, 'water', '43.4', '2016-07-03 12:34:46', NULL, NULL),
(130, 101, 'water', '43.8', '2016-07-04 17:32:36', NULL, NULL),
(131, 101, 'water', '41.9', '2016-07-04 18:56:56', NULL, NULL),
(132, 101, 'water', '45.2', '2016-07-04 19:48:36', NULL, NULL),
(133, 101, 'water', '43.4', '2016-07-04 15:58:16', NULL, NULL),
(134, 101, 'water', '46.3', '2016-07-04 12:53:55', NULL, NULL),
(135, 101, 'water', '46.3', '2016-07-04 15:34:43', NULL, NULL),
(136, 101, 'water', '43.4', '2016-07-04 13:53:26', NULL, NULL),
(137, 101, 'water', '61.3', '2016-07-04 14:48:53', NULL, NULL),
(138, 101, 'temperature', '22', '2016-07-14 16:29:43', '2016-07-14 21:30:21', '2016-07-14 21:30:21'),
(139, 101, 'soilHumidity2', '802', '2016-07-14 16:29:44', '2016-07-14 21:30:21', '2016-07-14 21:30:21'),
(140, 101, 'soilHumidity1', '870', '2016-07-14 16:29:37', '2016-07-14 21:30:21', '2016-07-14 21:30:21'),
(141, 101, 'luminance', '91', '2016-07-14 16:29:37', '2016-07-14 21:30:21', '2016-07-14 21:30:21'),
(142, 101, 'airHumidity', '69', '2016-07-14 16:29:42', '2016-07-14 21:30:21', '2016-07-14 21:30:21'),
(143, 101, 'temperature', '22', '2016-07-14 16:29:43', '2016-07-14 21:30:51', '2016-07-14 21:30:51'),
(144, 101, 'soilHumidity2', '802', '2016-07-14 16:29:44', '2016-07-14 21:30:51', '2016-07-14 21:30:51'),
(145, 101, 'soilHumidity1', '869.5', '2016-07-14 16:29:48', '2016-07-14 21:30:51', '2016-07-14 21:30:51'),
(146, 101, 'luminance', '91', '2016-07-14 16:29:48', '2016-07-14 21:30:51', '2016-07-14 21:30:51'),
(147, 101, 'airHumidity', '69', '2016-07-14 16:29:42', '2016-07-14 21:30:51', '2016-07-14 21:30:51'),
(148, 101, 'temperature', '22', '2016-07-14 16:29:43', '2016-07-14 21:31:24', '2016-07-14 21:31:24'),
(149, 101, 'soilHumidity2', '802', '2016-07-14 16:29:44', '2016-07-14 21:31:24', '2016-07-14 21:31:24'),
(150, 101, 'soilHumidity1', '869.5', '2016-07-14 16:29:48', '2016-07-14 21:31:24', '2016-07-14 21:31:24'),
(151, 101, 'luminance', '91', '2016-07-14 16:29:48', '2016-07-14 21:31:24', '2016-07-14 21:31:24'),
(152, 101, 'airHumidity', '69', '2016-07-14 16:29:42', '2016-07-14 21:31:24', '2016-07-14 21:31:24'),
(153, 101, 'temperature', '22', '2016-07-14 16:31:16', '2016-07-14 21:31:57', '2016-07-14 21:31:57'),
(154, 101, 'soilHumidity2', '802', '2016-07-14 16:31:13', '2016-07-14 21:31:57', '2016-07-14 21:31:57'),
(155, 101, 'soilHumidity1', '870', '2016-07-14 16:31:17', '2016-07-14 21:31:57', '2016-07-14 21:31:57'),
(156, 101, 'luminance', '91', '2016-07-14 16:31:17', '2016-07-14 21:31:57', '2016-07-14 21:31:57'),
(157, 101, 'airHumidity', '69', '2016-07-14 16:31:16', '2016-07-14 21:31:57', '2016-07-14 21:31:57'),
(158, 101, 'temperature', '22', '2016-07-14 16:31:39', '2016-07-14 21:32:31', '2016-07-14 21:32:31'),
(159, 101, 'soilHumidity2', '802.5', '2016-07-14 16:31:40', '2016-07-14 21:32:31', '2016-07-14 21:32:31'),
(160, 101, 'soilHumidity1', '869.5', '2016-07-14 16:31:47', '2016-07-14 21:32:31', '2016-07-14 21:32:31'),
(161, 101, 'luminance', '91', '2016-07-14 16:31:43', '2016-07-14 21:32:31', '2016-07-14 21:32:31'),
(162, 101, 'airHumidity', '69.25', '2016-07-14 16:31:39', '2016-07-14 21:32:31', '2016-07-14 21:32:31'),
(163, 101, 'temperature', '22', '2016-07-14 16:32:29', '2016-07-14 21:33:04', '2016-07-14 21:33:04'),
(164, 101, 'soilHumidity2', '804', '2016-07-14 16:32:29', '2016-07-14 21:33:04', '2016-07-14 21:33:04'),
(165, 101, 'soilHumidity1', '869', '2016-07-14 16:32:23', '2016-07-14 21:33:04', '2016-07-14 21:33:04'),
(166, 101, 'luminance', '91', '2016-07-14 16:32:19', '2016-07-14 21:33:04', '2016-07-14 21:33:04'),
(167, 101, 'airHumidity', '69', '2016-07-14 16:32:29', '2016-07-14 21:33:04', '2016-07-14 21:33:04'),
(168, 101, 'temperature', '22', '2016-07-14 16:32:47', '2016-07-14 21:33:36', '2016-07-14 21:33:36'),
(169, 101, 'soilHumidity2', '802.5', '2016-07-14 16:32:57', '2016-07-14 21:33:36', '2016-07-14 21:33:36'),
(170, 101, 'soilHumidity1', '870', '2016-07-14 16:32:46', '2016-07-14 21:33:36', '2016-07-14 21:33:36'),
(171, 101, 'luminance', '91', '2016-07-14 16:32:49', '2016-07-14 21:33:36', '2016-07-14 21:33:36'),
(172, 101, 'airHumidity', '69', '2016-07-14 16:32:47', '2016-07-14 21:33:36', '2016-07-14 21:33:36'),
(173, 101, 'temperature', '22', '2016-07-14 16:32:47', '2016-07-14 21:34:12', '2016-07-14 21:34:12'),
(174, 101, 'soilHumidity2', '802.5', '2016-07-14 16:32:57', '2016-07-14 21:34:12', '2016-07-14 21:34:12'),
(175, 101, 'soilHumidity1', '870', '2016-07-14 16:32:46', '2016-07-14 21:34:12', '2016-07-14 21:34:12'),
(176, 101, 'luminance', '91', '2016-07-14 16:32:49', '2016-07-14 21:34:12', '2016-07-14 21:34:12'),
(177, 101, 'airHumidity', '69', '2016-07-14 16:32:47', '2016-07-14 21:34:12', '2016-07-14 21:34:12'),
(178, 101, 'soilHumidity1', '869.5', '2016-07-14 16:34:39', '2016-07-14 21:35:19', '2016-07-14 21:35:19'),
(179, 101, 'airHumidity', '69.25', '2016-07-14 16:34:42', '2016-07-14 21:35:19', '2016-07-14 21:35:19'),
(180, 101, 'temperature', '22', '2016-07-14 16:34:43', '2016-07-14 21:35:19', '2016-07-14 21:35:19'),
(181, 101, 'luminance', '91', '2016-07-14 16:34:36', '2016-07-14 21:35:19', '2016-07-14 21:35:19'),
(182, 101, 'soilHumidity2', '802', '2016-07-14 16:34:43', '2016-07-14 21:35:19', '2016-07-14 21:35:19'),
(183, 101, 'soilHumidity1', '869.5', '2016-07-14 16:35:16', '2016-07-14 21:35:52', '2016-07-14 21:35:52'),
(184, 101, 'airHumidity', '69.5', '2016-07-14 16:35:05', '2016-07-14 21:35:52', '2016-07-14 21:35:52'),
(185, 101, 'temperature', '22', '2016-07-14 16:35:05', '2016-07-14 21:35:52', '2016-07-14 21:35:52'),
(186, 101, 'luminance', '91', '2016-07-14 16:35:16', '2016-07-14 21:35:52', '2016-07-14 21:35:52'),
(187, 101, 'soilHumidity2', '803.5', '2016-07-14 16:35:05', '2016-07-14 21:35:52', '2016-07-14 21:35:52'),
(188, 101, 'soilHumidity1', '869.5', '2016-07-14 16:35:47', '2016-07-14 21:36:25', '2016-07-14 21:36:25'),
(189, 101, 'airHumidity', '69', '2016-07-14 16:35:41', '2016-07-14 21:36:25', '2016-07-14 21:36:25'),
(190, 101, 'temperature', '22', '2016-07-14 16:35:41', '2016-07-14 21:36:25', '2016-07-14 21:36:25'),
(191, 101, 'luminance', '91', '2016-07-14 16:35:47', '2016-07-14 21:36:25', '2016-07-14 21:36:25'),
(192, 101, 'soilHumidity2', '801.5', '2016-07-14 16:35:42', '2016-07-14 21:36:25', '2016-07-14 21:36:25'),
(193, 101, 'soilHumidity1', '869', '2016-07-14 16:36:11', '2016-07-14 21:36:56', '2016-07-14 21:36:56'),
(194, 101, 'airHumidity', '68.75', '2016-07-14 16:36:12', '2016-07-14 21:36:56', '2016-07-14 21:36:56'),
(195, 101, 'temperature', '22', '2016-07-14 16:36:13', '2016-07-14 21:36:56', '2016-07-14 21:36:56'),
(196, 101, 'luminance', '91', '2016-07-14 16:36:11', '2016-07-14 21:36:56', '2016-07-14 21:36:56'),
(197, 101, 'soilHumidity2', '802.5', '2016-07-14 16:36:13', '2016-07-14 21:36:56', '2016-07-14 21:36:56'),
(198, 101, 'soilHumidity1', '868.5', '2016-07-14 16:36:51', '2016-07-14 21:37:29', '2016-07-14 21:37:29'),
(199, 101, 'airHumidity', '68.75', '2016-07-14 16:36:47', '2016-07-14 21:37:29', '2016-07-14 21:37:29'),
(200, 101, 'temperature', '22', '2016-07-14 16:36:47', '2016-07-14 21:37:29', '2016-07-14 21:37:29'),
(201, 101, 'luminance', '90.75', '2016-07-14 16:36:51', '2016-07-14 21:37:29', '2016-07-14 21:37:29'),
(202, 101, 'soilHumidity2', '802.5', '2016-07-14 16:36:48', '2016-07-14 21:37:29', '2016-07-14 21:37:29'),
(203, 101, 'soilHumidity1', '868.5', '2016-07-14 16:37:30', '2016-07-14 21:38:05', '2016-07-14 21:38:05'),
(204, 101, 'airHumidity', '68.75', '2016-07-14 16:37:30', '2016-07-14 21:38:05', '2016-07-14 21:38:05'),
(205, 101, 'temperature', '22', '2016-07-14 16:37:30', '2016-07-14 21:38:05', '2016-07-14 21:38:05'),
(206, 101, 'luminance', '91', '2016-07-14 16:37:20', '2016-07-14 21:38:05', '2016-07-14 21:38:05'),
(207, 101, 'soilHumidity2', '803', '2016-07-14 16:36:59', '2016-07-14 21:38:05', '2016-07-14 21:38:05'),
(208, 101, 'soilHumidity1', '869', '2016-07-14 16:37:52', '2016-07-14 21:38:39', '2016-07-14 21:38:39'),
(209, 101, 'airHumidity', '68.5', '2016-07-14 16:38:04', '2016-07-14 21:38:39', '2016-07-14 21:38:39'),
(210, 101, 'temperature', '22', '2016-07-14 16:38:04', '2016-07-14 21:38:39', '2016-07-14 21:38:39'),
(211, 101, 'luminance', '91', '2016-07-14 16:37:53', '2016-07-14 21:38:39', '2016-07-14 21:38:39'),
(212, 101, 'soilHumidity2', '804', '2016-07-14 16:37:56', '2016-07-14 21:38:39', '2016-07-14 21:38:39'),
(213, 101, 'soilHumidity1', '868.5', '2016-07-14 16:38:30', '2016-07-14 21:39:11', '2016-07-14 21:39:11'),
(214, 101, 'airHumidity', '68.5', '2016-07-14 16:38:29', '2016-07-14 21:39:11', '2016-07-14 21:39:11'),
(215, 101, 'temperature', '22', '2016-07-14 16:38:30', '2016-07-14 21:39:11', '2016-07-14 21:39:11'),
(216, 101, 'luminance', '91', '2016-07-14 16:38:30', '2016-07-14 21:39:11', '2016-07-14 21:39:11'),
(217, 101, 'soilHumidity2', '802', '2016-07-14 16:38:30', '2016-07-14 21:39:11', '2016-07-14 21:39:11'),
(218, 101, 'soilHumidity1', '869.5', '2016-07-14 16:39:02', '2016-07-14 21:39:43', '2016-07-14 21:39:43'),
(219, 101, 'airHumidity', '68.5', '2016-07-14 16:39:02', '2016-07-14 21:39:43', '2016-07-14 21:39:43'),
(220, 101, 'temperature', '22', '2016-07-14 16:39:01', '2016-07-14 21:39:43', '2016-07-14 21:39:43'),
(221, 101, 'luminance', '91', '2016-07-14 16:39:06', '2016-07-14 21:39:43', '2016-07-14 21:39:43'),
(222, 101, 'soilHumidity2', '802', '2016-07-14 16:38:30', '2016-07-14 21:39:43', '2016-07-14 21:39:43'),
(223, 101, 'soilHumidity1', '868', '2016-07-14 16:39:29', '2016-07-14 21:40:15', '2016-07-14 21:40:15'),
(224, 101, 'airHumidity', '68.5', '2016-07-14 16:39:12', '2016-07-14 21:40:15', '2016-07-14 21:40:15'),
(225, 101, 'temperature', '22', '2016-07-14 16:39:33', '2016-07-14 21:40:15', '2016-07-14 21:40:15'),
(226, 101, 'luminance', '91', '2016-07-14 16:39:30', '2016-07-14 21:40:15', '2016-07-14 21:40:15'),
(227, 101, 'soilHumidity2', '802', '2016-07-14 16:39:33', '2016-07-14 21:40:15', '2016-07-14 21:40:15'),
(228, 101, 'soilHumidity1', '869', '2016-07-14 16:40:03', '2016-07-14 21:40:47', '2016-07-14 21:40:47'),
(229, 101, 'airHumidity', '68.75', '2016-07-14 16:40:02', '2016-07-14 21:40:47', '2016-07-14 21:40:47'),
(230, 101, 'temperature', '22', '2016-07-14 16:40:07', '2016-07-14 21:40:47', '2016-07-14 21:40:47'),
(231, 101, 'luminance', '91', '2016-07-14 16:40:08', '2016-07-14 21:40:47', '2016-07-14 21:40:47'),
(232, 101, 'soilHumidity2', '803.5', '2016-07-14 16:40:08', '2016-07-14 21:40:47', '2016-07-14 21:40:47'),
(233, 101, 'soilHumidity1', '868', '2016-07-14 16:40:36', '2016-07-14 21:41:19', '2016-07-14 21:41:19'),
(234, 101, 'airHumidity', '69', '2016-07-14 16:40:35', '2016-07-14 21:41:19', '2016-07-14 21:41:19'),
(235, 101, 'temperature', '22', '2016-07-14 16:40:39', '2016-07-14 21:41:19', '2016-07-14 21:41:19'),
(236, 101, 'luminance', '91', '2016-07-14 16:40:39', '2016-07-14 21:41:19', '2016-07-14 21:41:19'),
(237, 101, 'soilHumidity2', '803', '2016-07-14 16:40:39', '2016-07-14 21:41:19', '2016-07-14 21:41:19'),
(238, 101, 'soilHumidity1', '868', '2016-07-14 16:41:13', '2016-07-14 21:41:52', '2016-07-14 21:41:52'),
(239, 101, 'airHumidity', '68.75', '2016-07-14 16:41:08', '2016-07-14 21:41:52', '2016-07-14 21:41:52'),
(240, 101, 'temperature', '22', '2016-07-14 16:41:17', '2016-07-14 21:41:52', '2016-07-14 21:41:52'),
(241, 101, 'luminance', '91', '2016-07-14 16:41:14', '2016-07-14 21:41:52', '2016-07-14 21:41:52'),
(242, 101, 'soilHumidity2', '802', '2016-07-14 16:41:17', '2016-07-14 21:41:52', '2016-07-14 21:41:52'),
(243, 101, 'soilHumidity1', '868', '2016-07-14 16:41:49', '2016-07-14 21:42:23', '2016-07-14 21:42:23'),
(244, 101, 'airHumidity', '68.5', '2016-07-14 16:41:47', '2016-07-14 21:42:23', '2016-07-14 21:42:23'),
(245, 101, 'temperature', '22', '2016-07-14 16:41:47', '2016-07-14 21:42:23', '2016-07-14 21:42:23'),
(246, 101, 'luminance', '91', '2016-07-14 16:41:49', '2016-07-14 21:42:23', '2016-07-14 21:42:23'),
(247, 101, 'soilHumidity2', '801.5', '2016-07-14 16:41:45', '2016-07-14 21:42:23', '2016-07-14 21:42:23'),
(248, 101, 'soilHumidity1', '868', '2016-07-14 16:42:15', '2016-07-14 21:42:56', '2016-07-14 21:42:56'),
(249, 101, 'airHumidity', '68.5', '2016-07-14 16:42:22', '2016-07-14 21:42:56', '2016-07-14 21:42:56'),
(250, 101, 'temperature', '22', '2016-07-14 16:42:22', '2016-07-14 21:42:56', '2016-07-14 21:42:56'),
(251, 101, 'luminance', '91', '2016-07-14 16:42:11', '2016-07-14 21:42:56', '2016-07-14 21:42:56'),
(252, 101, 'soilHumidity2', '801', '2016-07-14 16:42:22', '2016-07-14 21:42:56', '2016-07-14 21:42:56'),
(253, 101, 'soilHumidity1', '869', '2016-07-14 16:42:47', '2016-07-14 21:43:30', '2016-07-14 21:43:30'),
(254, 101, 'airHumidity', '68.75', '2016-07-14 16:42:53', '2016-07-14 21:43:30', '2016-07-14 21:43:30'),
(255, 101, 'temperature', '22', '2016-07-14 16:42:53', '2016-07-14 21:43:30', '2016-07-14 21:43:30'),
(256, 101, 'luminance', '91', '2016-07-14 16:42:42', '2016-07-14 21:43:30', '2016-07-14 21:43:30'),
(257, 101, 'soilHumidity2', '802.5', '2016-07-14 16:42:54', '2016-07-14 21:43:30', '2016-07-14 21:43:30'),
(258, 101, 'soilHumidity1', '872.5', '2016-07-14 16:43:25', '2016-07-14 21:44:01', '2016-07-14 21:44:01'),
(259, 101, 'airHumidity', '69', '2016-07-14 16:43:25', '2016-07-14 21:44:01', '2016-07-14 21:44:01'),
(260, 101, 'temperature', '22', '2016-07-14 16:43:25', '2016-07-14 21:44:01', '2016-07-14 21:44:01'),
(261, 101, 'luminance', '91', '2016-07-14 16:43:03', '2016-07-14 21:44:01', '2016-07-14 21:44:01'),
(262, 101, 'soilHumidity2', '802', '2016-07-14 16:43:03', '2016-07-14 21:44:01', '2016-07-14 21:44:01'),
(263, 101, 'soilHumidity1', '869', '2016-07-14 16:43:57', '2016-07-14 21:44:34', '2016-07-14 21:44:34'),
(264, 101, 'airHumidity', '69', '2016-07-14 16:43:43', '2016-07-14 21:44:34', '2016-07-14 21:44:34'),
(265, 101, 'temperature', '22', '2016-07-14 16:43:44', '2016-07-14 21:44:34', '2016-07-14 21:44:34'),
(266, 101, 'luminance', '87.25', '2016-07-14 16:43:40', '2016-07-14 21:44:34', '2016-07-14 21:44:34'),
(267, 101, 'soilHumidity2', '805.5', '2016-07-14 16:43:40', '2016-07-14 21:44:34', '2016-07-14 21:44:34'),
(268, 101, 'soilHumidity1', '868', '2016-07-14 16:44:26', '2016-07-14 21:45:07', '2016-07-14 21:45:07'),
(269, 101, 'airHumidity', '69', '2016-07-14 16:44:22', '2016-07-14 21:45:07', '2016-07-14 21:45:07'),
(270, 101, 'temperature', '22', '2016-07-14 16:44:23', '2016-07-14 21:45:07', '2016-07-14 21:45:07'),
(271, 101, 'luminance', '84', '2016-07-14 16:44:26', '2016-07-14 21:45:07', '2016-07-14 21:45:07'),
(272, 101, 'soilHumidity2', '803', '2016-07-14 16:44:23', '2016-07-14 21:45:07', '2016-07-14 21:45:07'),
(273, 101, 'soilHumidity1', '868.5', '2016-07-14 16:45:01', '2016-07-14 21:45:47', '2016-07-14 21:45:47'),
(274, 101, 'airHumidity', '69', '2016-07-14 16:45:00', '2016-07-14 21:45:47', '2016-07-14 21:45:47'),
(275, 101, 'temperature', '22', '2016-07-14 16:45:00', '2016-07-14 21:45:47', '2016-07-14 21:45:47'),
(276, 101, 'luminance', '91', '2016-07-14 16:44:50', '2016-07-14 21:45:47', '2016-07-14 21:45:47'),
(277, 101, 'soilHumidity2', '804.5', '2016-07-14 16:44:50', '2016-07-14 21:45:47', '2016-07-14 21:45:47'),
(278, 101, 'soilHumidity1', '868.5', '2016-07-14 16:45:01', '2016-07-14 21:46:46', '2016-07-14 21:46:46'),
(279, 101, 'airHumidity', '69', '2016-07-14 16:45:00', '2016-07-14 21:46:46', '2016-07-14 21:46:46'),
(280, 101, 'temperature', '22', '2016-07-14 16:45:00', '2016-07-14 21:46:46', '2016-07-14 21:46:46'),
(281, 101, 'luminance', '91', '2016-07-14 16:44:50', '2016-07-14 21:46:46', '2016-07-14 21:46:46'),
(282, 101, 'soilHumidity2', '804.5', '2016-07-14 16:44:50', '2016-07-14 21:46:46', '2016-07-14 21:46:46'),
(283, 101, 'soilHumidity1', '869', '2016-07-14 16:45:48', '2016-07-14 21:46:57', '2016-07-14 21:46:57'),
(284, 101, 'airHumidity', '69.25', '2016-07-14 16:45:54', '2016-07-14 21:46:57', '2016-07-14 21:46:57'),
(285, 101, 'temperature', '22', '2016-07-14 16:45:54', '2016-07-14 21:46:57', '2016-07-14 21:46:57'),
(286, 101, 'luminance', '91', '2016-07-14 16:44:50', '2016-07-14 21:46:57', '2016-07-14 21:46:57'),
(287, 101, 'soilHumidity2', '804.5', '2016-07-14 16:44:50', '2016-07-14 21:46:57', '2016-07-14 21:46:57'),
(288, 101, 'soilHumidity1', '868.5', '2016-07-14 16:46:45', '2016-07-14 21:47:31', '2016-07-14 21:47:31'),
(289, 101, 'airHumidity', '69.5', '2016-07-14 16:46:45', '2016-07-14 21:47:31', '2016-07-14 21:47:31'),
(290, 101, 'temperature', '22', '2016-07-14 16:46:45', '2016-07-14 21:47:31', '2016-07-14 21:47:31'),
(291, 101, 'luminance', '91', '2016-07-14 16:46:47', '2016-07-14 21:47:31', '2016-07-14 21:47:31'),
(292, 101, 'soilHumidity2', '805', '2016-07-14 16:46:44', '2016-07-14 21:47:31', '2016-07-14 21:47:31'),
(293, 101, 'soilHumidity1', '868', '2016-07-14 16:47:21', '2016-07-14 21:48:03', '2016-07-14 21:48:03'),
(294, 101, 'airHumidity', '69.25', '2016-07-14 16:47:21', '2016-07-14 21:48:03', '2016-07-14 21:48:03'),
(295, 101, 'temperature', '22', '2016-07-14 16:47:21', '2016-07-14 21:48:03', '2016-07-14 21:48:03'),
(296, 101, 'luminance', '91', '2016-07-14 16:47:23', '2016-07-14 21:48:03', '2016-07-14 21:48:03'),
(297, 101, 'soilHumidity2', '801.5', '2016-07-14 16:47:18', '2016-07-14 21:48:03', '2016-07-14 21:48:03'),
(298, 101, 'soilHumidity1', '868', '2016-07-14 16:47:51', '2016-07-14 21:48:36', '2016-07-14 21:48:36'),
(299, 101, 'airHumidity', '69.5', '2016-07-14 16:48:02', '2016-07-14 21:48:36', '2016-07-14 21:48:36'),
(300, 101, 'temperature', '22', '2016-07-14 16:47:53', '2016-07-14 21:48:36', '2016-07-14 21:48:36'),
(301, 101, 'luminance', '91', '2016-07-14 16:47:53', '2016-07-14 21:48:36', '2016-07-14 21:48:36'),
(302, 101, 'soilHumidity2', '804', '2016-07-14 16:48:00', '2016-07-14 21:48:36', '2016-07-14 21:48:36'),
(303, 101, 'soilHumidity1', '868', '2016-07-14 16:48:32', '2016-07-14 21:49:08', '2016-07-14 21:49:08'),
(304, 101, 'airHumidity', '69.5', '2016-07-14 16:48:32', '2016-07-14 21:49:08', '2016-07-14 21:49:08'),
(305, 101, 'temperature', '22', '2016-07-14 16:48:32', '2016-07-14 21:49:08', '2016-07-14 21:49:08'),
(306, 101, 'luminance', '91', '2016-07-14 16:48:23', '2016-07-14 21:49:08', '2016-07-14 21:49:08'),
(307, 101, 'soilHumidity2', '802.5', '2016-07-14 16:48:20', '2016-07-14 21:49:08', '2016-07-14 21:49:08'),
(308, 101, 'soilHumidity1', '868.5', '2016-07-14 16:48:59', '2016-07-14 21:49:40', '2016-07-14 21:49:40'),
(309, 101, 'airHumidity', '69.5', '2016-07-14 16:49:05', '2016-07-14 21:49:41', '2016-07-14 21:49:41'),
(310, 101, 'temperature', '22', '2016-07-14 16:49:06', '2016-07-14 21:49:41', '2016-07-14 21:49:41'),
(311, 101, 'luminance', '91', '2016-07-14 16:48:59', '2016-07-14 21:49:41', '2016-07-14 21:49:41'),
(312, 101, 'soilHumidity2', '804', '2016-07-14 16:49:04', '2016-07-14 21:49:41', '2016-07-14 21:49:41'),
(313, 101, 'soilHumidity1', '868', '2016-07-14 16:52:37', '2016-07-14 21:53:20', '2016-07-14 21:53:20'),
(314, 101, 'soilHumidity2', '802.5', '2016-07-14 16:52:43', '2016-07-14 21:53:20', '2016-07-14 21:53:20'),
(315, 101, 'temperature', '22', '2016-07-14 16:52:39', '2016-07-14 21:53:20', '2016-07-14 21:53:20'),
(316, 101, 'airHumidity', '69', '2016-07-14 16:52:28', '2016-07-14 21:53:20', '2016-07-14 21:53:20'),
(317, 101, 'luminance', '91', '2016-07-14 16:52:43', '2016-07-14 21:53:20', '2016-07-14 21:53:20'),
(318, 101, 'temperature', '22.5', '2016-07-14 18:15:30', '2016-07-14 23:16:13', '2016-07-14 23:16:13'),
(319, 101, 'soilHumidity2', '474', '2016-07-14 18:15:30', '2016-07-14 23:16:13', '2016-07-14 23:16:13'),
(320, 101, 'luminance', '86', '2016-07-14 18:15:30', '2016-07-14 23:16:13', '2016-07-14 23:16:13'),
(321, 101, 'airHumidity', '69', '2016-07-14 18:15:29', '2016-07-14 23:16:13', '2016-07-14 23:16:13'),
(322, 101, 'soilHumidity1', '869.5', '2016-07-14 18:15:36', '2016-07-14 23:16:13', '2016-07-14 23:16:13'),
(323, 101, 'temperature', '23', '2016-07-14 18:19:01', '2016-07-14 23:19:48', '2016-07-14 23:19:48'),
(324, 101, 'soilHumidity2', '469.5', '2016-07-14 18:19:02', '2016-07-14 23:19:48', '2016-07-14 23:19:48'),
(325, 101, 'luminance', '86', '2016-07-14 18:18:50', '2016-07-14 23:19:48', '2016-07-14 23:19:48'),
(326, 101, 'airHumidity', '69.75', '2016-07-14 18:19:01', '2016-07-14 23:19:48', '2016-07-14 23:19:48'),
(327, 101, 'soilHumidity1', '869.5', '2016-07-14 18:18:52', '2016-07-14 23:19:48', '2016-07-14 23:19:48'),
(328, 101, 'temperature', '23', '2016-07-14 18:22:35', '2016-07-14 23:23:13', '2016-07-14 23:23:13'),
(329, 101, 'soilHumidity2', '487', '2016-07-14 18:22:31', '2016-07-14 23:23:13', '2016-07-14 23:23:13'),
(330, 101, 'luminance', '86', '2016-07-14 18:22:29', '2016-07-14 23:23:13', '2016-07-14 23:23:13'),
(331, 101, 'airHumidity', '70.25', '2016-07-14 18:22:35', '2016-07-14 23:23:13', '2016-07-14 23:23:13'),
(332, 101, 'soilHumidity1', '868', '2016-07-14 18:22:29', '2016-07-14 23:23:13', '2016-07-14 23:23:13'),
(333, 101, 'temperature', '23', '2016-07-14 18:25:57', '2016-07-14 23:26:32', '2016-07-14 23:26:32'),
(334, 101, 'soilHumidity2', '393.5', '2016-07-14 18:25:51', '2016-07-14 23:26:32', '2016-07-14 23:26:32'),
(335, 101, 'luminance', '91', '2016-07-14 18:25:48', '2016-07-14 23:26:32', '2016-07-14 23:26:32'),
(336, 101, 'airHumidity', '70.5', '2016-07-14 18:25:56', '2016-07-14 23:26:32', '2016-07-14 23:26:32'),
(337, 101, 'soilHumidity1', '868.5', '2016-07-14 18:25:57', '2016-07-14 23:26:32', '2016-07-14 23:26:32'),
(338, 101, 'temperature', '23', '2016-07-14 18:29:12', '2016-07-14 23:29:57', '2016-07-14 23:29:57'),
(339, 101, 'soilHumidity2', '600.5', '2016-07-14 18:29:12', '2016-07-14 23:29:57', '2016-07-14 23:29:57'),
(340, 101, 'luminance', '91', '2016-07-14 18:29:03', '2016-07-14 23:29:57', '2016-07-14 23:29:57'),
(341, 101, 'airHumidity', '70.5', '2016-07-14 18:29:11', '2016-07-14 23:29:57', '2016-07-14 23:29:57'),
(342, 101, 'soilHumidity1', '868', '2016-07-14 18:29:06', '2016-07-14 23:29:57', '2016-07-14 23:29:57'),
(343, 101, 'temperature', '23', '2016-07-14 18:32:46', '2016-07-14 23:33:22', '2016-07-14 23:33:22'),
(344, 101, 'soilHumidity2', '438', '2016-07-14 18:32:43', '2016-07-14 23:33:22', '2016-07-14 23:33:22'),
(345, 101, 'luminance', '91', '2016-07-14 18:32:35', '2016-07-14 23:33:22', '2016-07-14 23:33:22'),
(346, 101, 'airHumidity', '70', '2016-07-14 18:32:46', '2016-07-14 23:33:22', '2016-07-14 23:33:22'),
(347, 101, 'soilHumidity1', '868', '2016-07-14 18:32:46', '2016-07-14 23:33:22', '2016-07-14 23:33:22'),
(348, 101, 'temperature', '23', '2016-07-14 18:35:55', '2016-07-14 23:36:41', '2016-07-14 23:36:41'),
(349, 101, 'soilHumidity2', '448', '2016-07-14 18:35:55', '2016-07-14 23:36:41', '2016-07-14 23:36:41'),
(350, 101, 'luminance', '39', '2016-07-14 18:35:58', '2016-07-14 23:36:41', '2016-07-14 23:36:41'),
(351, 101, 'airHumidity', '67.5', '2016-07-14 18:35:55', '2016-07-14 23:36:41', '2016-07-14 23:36:41'),
(352, 101, 'soilHumidity1', '878.5', '2016-07-14 18:36:05', '2016-07-14 23:36:41', '2016-07-14 23:36:41'),
(353, 101, 'temperature', '23', '2016-07-14 18:39:16', '2016-07-14 23:40:01', '2016-07-14 23:40:01'),
(354, 101, 'soilHumidity2', '485', '2016-07-14 18:39:15', '2016-07-14 23:40:01', '2016-07-14 23:40:01'),
(355, 101, 'luminance', '89.75', '2016-07-14 18:39:16', '2016-07-14 23:40:01', '2016-07-14 23:40:01'),
(356, 101, 'airHumidity', '68.5', '2016-07-14 18:39:27', '2016-07-14 23:40:01', '2016-07-14 23:40:01'),
(357, 101, 'soilHumidity1', '874.5', '2016-07-14 18:39:27', '2016-07-14 23:40:01', '2016-07-14 23:40:01'),
(358, 101, 'temperature', '23', '2016-07-14 18:42:45', '2016-07-14 23:43:21', '2016-07-14 23:43:21'),
(359, 101, 'soilHumidity2', '413', '2016-07-14 18:42:40', '2016-07-14 23:43:21', '2016-07-14 23:43:21'),
(360, 101, 'luminance', '90.5', '2016-07-14 18:42:46', '2016-07-14 23:43:21', '2016-07-14 23:43:21'),
(361, 101, 'airHumidity', '69', '2016-07-14 18:42:45', '2016-07-14 23:43:21', '2016-07-14 23:43:21'),
(362, 101, 'soilHumidity1', '873', '2016-07-14 18:42:46', '2016-07-14 23:43:21', '2016-07-14 23:43:21'),
(363, 101, 'temperature', '23.5', '2016-07-14 18:46:03', '2016-07-14 23:46:47', '2016-07-14 23:46:47'),
(364, 101, 'soilHumidity2', '478', '2016-07-14 18:46:08', '2016-07-14 23:46:47', '2016-07-14 23:46:47'),
(365, 101, 'luminance', '89', '2016-07-14 18:46:03', '2016-07-14 23:46:47', '2016-07-14 23:46:47'),
(366, 101, 'airHumidity', '68.5', '2016-07-14 18:46:13', '2016-07-14 23:46:47', '2016-07-14 23:46:47'),
(367, 101, 'soilHumidity1', '871.5', '2016-07-14 18:46:03', '2016-07-14 23:46:47', '2016-07-14 23:46:47'),
(368, 101, 'temperature', '23.5', '2016-07-14 18:48:11', '2016-07-14 23:50:27', '2016-07-14 23:50:27'),
(369, 101, 'soilHumidity2', '482', '2016-07-14 18:48:11', '2016-07-14 23:50:27', '2016-07-14 23:50:27'),
(370, 101, 'luminance', '90.75', '2016-07-14 18:49:27', '2016-07-14 23:50:27', '2016-07-14 23:50:27'),
(371, 101, 'airHumidity', '69.25', '2016-07-14 18:49:36', '2016-07-14 23:50:27', '2016-07-14 23:50:27'),
(372, 101, 'soilHumidity1', '873.5', '2016-07-14 18:49:28', '2016-07-14 23:50:27', '2016-07-14 23:50:27'),
(373, 101, 'soilHumidity1', '872', '2016-07-14 18:53:45', '2016-07-14 23:54:31', '2016-07-14 23:54:31'),
(374, 101, 'airHumidity', '68.5', '2016-07-14 18:53:55', '2016-07-14 23:54:31', '2016-07-14 23:54:31'),
(375, 101, 'temperature', '24.5', '2016-07-14 18:53:55', '2016-07-14 23:54:31', '2016-07-14 23:54:31'),
(376, 101, 'soilHumidity2', '416', '2016-07-14 18:53:53', '2016-07-14 23:54:31', '2016-07-14 23:54:31'),
(377, 101, 'luminance', '89.5', '2016-07-14 18:53:45', '2016-07-14 23:54:31', '2016-07-14 23:54:31'),
(378, 101, 'soilHumidity1', '871', '2016-07-14 18:57:13', '2016-07-14 23:57:52', '2016-07-14 23:57:52'),
(379, 101, 'airHumidity', '68', '2016-07-14 18:57:12', '2016-07-14 23:57:52', '2016-07-14 23:57:52'),
(380, 101, 'temperature', '24.5', '2016-07-14 18:57:13', '2016-07-14 23:57:52', '2016-07-14 23:57:52'),
(381, 101, 'soilHumidity2', '394.5', '2016-07-14 18:57:16', '2016-07-14 23:57:52', '2016-07-14 23:57:52'),
(382, 101, 'luminance', '89.5', '2016-07-14 18:57:14', '2016-07-14 23:57:52', '2016-07-14 23:57:52'),
(383, 101, 'soilHumidity1', '869', '2016-07-14 19:00:37', '2016-07-15 00:01:13', '2016-07-15 00:01:13'),
(384, 101, 'airHumidity', '68', '2016-07-14 19:00:38', '2016-07-15 00:01:13', '2016-07-15 00:01:13'),
(385, 101, 'temperature', '24', '2016-07-14 19:00:38', '2016-07-15 00:01:13', '2016-07-15 00:01:13'),
(386, 101, 'soilHumidity2', '480', '2016-07-14 19:00:27', '2016-07-15 00:01:13', '2016-07-15 00:01:13'),
(387, 101, 'luminance', '89.5', '2016-07-14 19:00:27', '2016-07-15 00:01:13', '2016-07-15 00:01:13'),
(388, 101, 'soilHumidity2', '557', '2016-07-14 19:08:54', '2016-07-15 00:09:29', '2016-07-15 00:09:29'),
(389, 101, 'temperature', '22', '2016-07-14 19:08:48', '2016-07-15 00:09:29', '2016-07-15 00:09:29'),
(390, 101, 'soilHumidity1', '874.5', '2016-07-14 19:08:48', '2016-07-15 00:09:29', '2016-07-15 00:09:29'),
(391, 101, 'airHumidity', '65.75', '2016-07-14 19:08:54', '2016-07-15 00:09:29', '2016-07-15 00:09:29'),
(392, 101, 'luminance', '90', '2016-07-14 19:08:54', '2016-07-15 00:09:29', '2016-07-15 00:09:29'),
(393, 101, 'soilHumidity1', '880', '2016-07-14 19:14:19', '2016-07-15 00:15:05', '2016-07-15 00:15:05'),
(394, 101, 'soilHumidity2', '630.5', '2016-07-14 19:14:16', '2016-07-15 00:15:05', '2016-07-15 00:15:05'),
(395, 101, 'airHumidity', '67.5', '2016-07-14 19:14:16', '2016-07-15 00:15:05', '2016-07-15 00:15:05'),
(396, 101, 'temperature', '23', '2016-07-14 19:14:26', '2016-07-15 00:15:05', '2016-07-15 00:15:05'),
(397, 101, 'luminance', '86', '2016-07-14 19:14:28', '2016-07-15 00:15:05', '2016-07-15 00:15:05'),
(398, 101, 'soilHumidity2', '850.5', '2016-07-14 19:20:21', '2016-07-15 00:21:17', '2016-07-15 00:21:17'),
(399, 101, 'airHumidity', '66.5', '2016-07-14 19:20:32', '2016-07-15 00:21:18', '2016-07-15 00:21:18'),
(400, 101, 'temperature', '23.25', '2016-07-14 19:20:15', '2016-07-15 00:21:18', '2016-07-15 00:21:18'),
(401, 101, 'soilHumidity1', '878.5', '2016-07-14 19:20:00', '2016-07-15 00:21:18', '2016-07-15 00:21:18'),
(402, 101, 'luminance', '92.5', '2016-07-14 19:20:25', '2016-07-15 00:21:18', '2016-07-15 00:21:18'),
(403, 101, 'soilHumidity2', '851.5', '2016-07-14 19:23:42', '2016-07-15 00:24:38', '2016-07-15 00:24:38'),
(404, 101, 'airHumidity', '69', '2016-07-14 19:23:42', '2016-07-15 00:24:39', '2016-07-15 00:24:39'),
(405, 101, 'temperature', '23', '2016-07-14 19:23:56', '2016-07-15 00:24:39', '2016-07-15 00:24:39'),
(406, 101, 'soilHumidity1', '876.5', '2016-07-14 19:24:00', '2016-07-15 00:24:39', '2016-07-15 00:24:39'),
(407, 101, 'luminance', '86', '2016-07-14 19:23:34', '2016-07-15 00:24:39', '2016-07-15 00:24:39'),
(408, 101, 'soilHumidity2', '850.5', '2016-07-14 19:27:11', '2016-07-15 00:27:58', '2016-07-15 00:27:58'),
(409, 101, 'airHumidity', '74.75', '2016-07-14 19:26:54', '2016-07-15 00:27:58', '2016-07-15 00:27:58'),
(410, 101, 'temperature', '23.5', '2016-07-14 19:27:09', '2016-07-15 00:27:58', '2016-07-15 00:27:58'),
(411, 101, 'soilHumidity1', '877', '2016-07-14 19:27:17', '2016-07-15 00:27:58', '2016-07-15 00:27:58'),
(412, 101, 'luminance', '86', '2016-07-14 19:27:11', '2016-07-15 00:27:58', '2016-07-15 00:27:58'),
(413, 101, 'soilHumidity2', '853', '2016-07-14 19:29:02', '2016-07-15 00:31:20', '2016-07-15 00:31:20'),
(414, 101, 'airHumidity', '78.75', '2016-07-14 19:29:06', '2016-07-15 00:31:20', '2016-07-15 00:31:20'),
(415, 101, 'temperature', '23.5', '2016-07-14 19:29:06', '2016-07-15 00:31:20', '2016-07-15 00:31:20'),
(416, 101, 'soilHumidity1', '880', '2016-07-14 19:29:12', '2016-07-15 00:31:20', '2016-07-15 00:31:20'),
(417, 101, 'luminance', '31.25', '2016-07-14 19:29:12', '2016-07-15 00:31:20', '2016-07-15 00:31:20'),
(418, 101, 'soilHumidity2', '850', '2016-07-14 19:55:11', '2016-07-15 00:55:57', '2016-07-15 00:55:57'),
(419, 101, 'airHumidity', '73', '2016-07-14 19:54:52', '2016-07-15 00:55:57', '2016-07-15 00:55:57'),
(420, 101, 'soilHumidity1', '878', '2016-07-14 19:55:17', '2016-07-15 00:55:57', '2016-07-15 00:55:57'),
(421, 101, 'luminance', '90.5', '2016-07-14 19:55:17', '2016-07-15 00:55:57', '2016-07-15 00:55:57'),
(422, 101, 'temperature', '23', '2016-07-14 19:55:06', '2016-07-15 00:55:57', '2016-07-15 00:55:57'),
(423, 101, 'soilHumidity2', '851', '2016-07-14 19:58:40', '2016-07-15 00:59:19', '2016-07-15 00:59:19'),
(424, 101, 'airHumidity', '78', '2016-07-14 19:58:21', '2016-07-15 00:59:19', '2016-07-15 00:59:19'),
(425, 101, 'soilHumidity1', '878', '2016-07-14 19:58:44', '2016-07-15 00:59:19', '2016-07-15 00:59:19'),
(426, 101, 'luminance', '90.5', '2016-07-14 19:58:45', '2016-07-15 00:59:19', '2016-07-15 00:59:19'),
(427, 101, 'temperature', '23', '2016-07-14 19:58:35', '2016-07-15 00:59:19', '2016-07-15 00:59:19'),
(428, 101, 'soilHumidity2', '851.5', '2016-07-14 20:01:41', '2016-07-15 01:02:41', '2016-07-15 01:02:41'),
(429, 101, 'airHumidity', '72', '2016-07-14 20:01:49', '2016-07-15 01:02:41', '2016-07-15 01:02:41'),
(430, 101, 'soilHumidity1', '877.5', '2016-07-14 20:02:04', '2016-07-15 01:02:41', '2016-07-15 01:02:41'),
(431, 101, 'luminance', '92.5', '2016-07-14 20:02:04', '2016-07-15 01:02:41', '2016-07-15 01:02:41'),
(432, 101, 'temperature', '22', '2016-07-14 20:01:38', '2016-07-15 01:02:41', '2016-07-15 01:02:41'),
(433, 101, 'soilHumidity2', '848.5', '2016-07-14 20:05:24', '2016-07-15 01:06:03', '2016-07-15 01:06:03'),
(434, 101, 'airHumidity', '71', '2016-07-14 20:05:06', '2016-07-15 01:06:03', '2016-07-15 01:06:03'),
(435, 101, 'soilHumidity1', '877.5', '2016-07-14 20:04:57', '2016-07-15 01:06:03', '2016-07-15 01:06:03'),
(436, 101, 'luminance', '89.5', '2016-07-14 20:04:57', '2016-07-15 01:06:03', '2016-07-15 01:06:03'),
(437, 101, 'temperature', '21.75', '2016-07-14 20:05:21', '2016-07-15 01:06:03', '2016-07-15 01:06:03'),
(438, 101, 'soilHumidity2', '849', '2016-07-14 20:08:28', '2016-07-15 01:09:23', '2016-07-15 01:09:23'),
(439, 101, 'airHumidity', '74.5', '2016-07-14 20:08:09', '2016-07-15 01:09:23', '2016-07-15 01:09:23'),
(440, 101, 'soilHumidity1', '876.5', '2016-07-14 20:08:41', '2016-07-15 01:09:23', '2016-07-15 01:09:23'),
(441, 101, 'luminance', '89.5', '2016-07-14 20:08:42', '2016-07-15 01:09:23', '2016-07-15 01:09:23'),
(442, 101, 'temperature', '22.5', '2016-07-14 20:08:24', '2016-07-15 01:09:23', '2016-07-15 01:09:23'),
(443, 101, 'soilHumidity2', '849.5', '2016-07-14 20:11:41', '2016-07-15 01:12:46', '2016-07-15 01:12:46'),
(444, 101, 'airHumidity', '79.5', '2016-07-14 20:11:53', '2016-07-15 01:12:46', '2016-07-15 01:12:46'),
(445, 101, 'soilHumidity1', '878.5', '2016-07-14 20:11:37', '2016-07-15 01:12:46', '2016-07-15 01:12:46'),
(446, 101, 'luminance', '89.5', '2016-07-14 20:11:46', '2016-07-15 01:12:46', '2016-07-15 01:12:46'),
(447, 101, 'temperature', '22.5', '2016-07-14 20:12:06', '2016-07-15 01:12:46', '2016-07-15 01:12:46'),
(448, 101, 'soilHumidity2', '849', '2016-07-14 20:15:22', '2016-07-15 01:16:10', '2016-07-15 01:16:10'),
(449, 101, 'airHumidity', '83', '2016-07-14 20:15:32', '2016-07-15 01:16:10', '2016-07-15 01:16:10'),
(450, 101, 'soilHumidity1', '876', '2016-07-14 20:15:31', '2016-07-15 01:16:10', '2016-07-15 01:16:10'),
(451, 101, 'luminance', '89.25', '2016-07-14 20:15:22', '2016-07-15 01:16:10', '2016-07-15 01:16:10'),
(452, 101, 'temperature', '22.5', '2016-07-14 20:15:33', '2016-07-15 01:16:10', '2016-07-15 01:16:10'),
(453, 101, 'soilHumidity2', '849', '2016-07-14 20:18:58', '2016-07-15 01:19:33', '2016-07-15 01:19:33'),
(454, 101, 'airHumidity', '81.5', '2016-07-14 20:18:57', '2016-07-15 01:19:33', '2016-07-15 01:19:33'),
(455, 101, 'soilHumidity1', '875.5', '2016-07-14 20:18:52', '2016-07-15 01:19:33', '2016-07-15 01:19:33'),
(456, 101, 'luminance', '89', '2016-07-14 20:18:58', '2016-07-15 01:19:33', '2016-07-15 01:19:33'),
(457, 101, 'temperature', '22.5', '2016-07-14 20:18:58', '2016-07-15 01:19:33', '2016-07-15 01:19:33'),
(458, 101, 'soilHumidity2', '849', '2016-07-14 20:21:57', '2016-07-15 01:22:54', '2016-07-15 01:22:54'),
(459, 101, 'airHumidity', '79', '2016-07-14 20:21:37', '2016-07-15 01:22:54', '2016-07-15 01:22:54'),
(460, 101, 'soilHumidity1', '872.5', '2016-07-14 20:22:08', '2016-07-15 01:22:54', '2016-07-15 01:22:54'),
(461, 101, 'luminance', '90.5', '2016-07-14 20:22:01', '2016-07-15 01:22:54', '2016-07-15 01:22:54'),
(462, 101, 'temperature', '23', '2016-07-14 20:21:51', '2016-07-15 01:22:54', '2016-07-15 01:22:54'),
(463, 101, 'soilHumidity2', '850', '2016-07-14 20:25:31', '2016-07-15 01:26:15', '2016-07-15 01:26:15'),
(464, 101, 'airHumidity', '78.75', '2016-07-14 20:25:09', '2016-07-15 01:26:15', '2016-07-15 01:26:15'),
(465, 101, 'soilHumidity1', '872', '2016-07-14 20:25:30', '2016-07-15 01:26:15', '2016-07-15 01:26:15'),
(466, 101, 'luminance', '90', '2016-07-14 20:25:31', '2016-07-15 01:26:15', '2016-07-15 01:26:15'),
(467, 101, 'temperature', '23', '2016-07-14 20:25:23', '2016-07-15 01:26:15', '2016-07-15 01:26:15'),
(468, 101, 'soilHumidity2', '848', '2016-07-14 20:28:58', '2016-07-15 01:29:37', '2016-07-15 01:29:37'),
(469, 101, 'airHumidity', '81.5', '2016-07-14 20:28:59', '2016-07-15 01:29:37', '2016-07-15 01:29:37'),
(470, 101, 'soilHumidity1', '873', '2016-07-14 20:28:59', '2016-07-15 01:29:37', '2016-07-15 01:29:37'),
(471, 101, 'luminance', '90', '2016-07-14 20:29:01', '2016-07-15 01:29:37', '2016-07-15 01:29:37'),
(472, 101, 'temperature', '23', '2016-07-14 20:28:58', '2016-07-15 01:29:37', '2016-07-15 01:29:37');

-- --------------------------------------------------------

--
-- Table structure for table `greenhouses`
--

CREATE TABLE IF NOT EXISTS `greenhouses` (
  `id` int(11) NOT NULL,
  `greenhouse_id` int(11) NOT NULL,
  `name` varchar(255) CHARACTER SET utf8 COLLATE utf8_bin NOT NULL,
  `working` tinyint(1) NOT NULL DEFAULT '1',
  `created_at` timestamp NULL DEFAULT NULL,
  `updated_at` timestamp NULL DEFAULT NULL,
  PRIMARY KEY (`id`)
) ENGINE=InnoDB DEFAULT CHARSET=utf8 COLLATE=utf8_unicode_ci;

--
-- Dumping data for table `greenhouses`
--

INSERT INTO `greenhouses` (`id`, `greenhouse_id`, `name`, `working`, `created_at`, `updated_at`) VALUES
(1, 101, 'greenhouse 1', 1, NULL, '2016-06-24 23:11:50');

-- --------------------------------------------------------

--
-- Table structure for table `options`
--

CREATE TABLE IF NOT EXISTS `options` (
  `id` bigint(11) NOT NULL AUTO_INCREMENT,
  `greenhouse_id` int(11) NOT NULL,
  `key` varchar(255) COLLATE utf8_unicode_ci NOT NULL DEFAULT '',
  `minValue` float DEFAULT NULL,
  `maxValue` float DEFAULT NULL,
  `created_at` timestamp NULL DEFAULT NULL,
  `updated_at` timestamp NULL DEFAULT NULL,
  PRIMARY KEY (`id`)
) ENGINE=InnoDB  DEFAULT CHARSET=utf8 COLLATE=utf8_unicode_ci AUTO_INCREMENT=12 ;

--
-- Dumping data for table `options`
--

INSERT INTO `options` (`id`, `greenhouse_id`, `key`, `minValue`, `maxValue`, `created_at`, `updated_at`) VALUES
(3, 101, 'airHumidity', 80, 100, '2016-06-25 20:59:38', '2016-07-15 00:19:40'),
(7, 101, 'temperature', 18, 35, '2016-06-25 20:59:38', '2016-07-04 21:13:10'),
(10, 101, 'luminance', 60, 100, '2016-06-25 20:59:38', '2016-07-05 16:14:19'),
(11, 101, 'soilHumidity', 300, 1024, '2016-06-28 13:32:17', '2016-07-03 22:18:49');

-- --------------------------------------------------------

--
-- Table structure for table `perform_actions`
--

CREATE TABLE IF NOT EXISTS `perform_actions` (
  `id` int(11) unsigned NOT NULL AUTO_INCREMENT,
  `action` varchar(255) DEFAULT '',
  `on` smallint(1) DEFAULT '0',
  `greenhouseId` int(11) DEFAULT NULL,
  `created_at` timestamp NULL DEFAULT NULL,
  `updated_at` timestamp NULL DEFAULT NULL,
  PRIMARY KEY (`id`)
) ENGINE=InnoDB  DEFAULT CHARSET=utf8 AUTO_INCREMENT=8 ;

--
-- Dumping data for table `perform_actions`
--

INSERT INTO `perform_actions` (`id`, `action`, `on`, `greenhouseId`, `created_at`, `updated_at`) VALUES
(1, 'pump1', 0, 101, NULL, '2016-07-15 00:28:27'),
(2, 'pump2', 0, 101, NULL, '2016-07-15 00:28:27'),
(3, 'light', 0, 101, NULL, '2016-07-15 00:28:27'),
(4, 'fan', 0, 101, NULL, '2016-07-15 00:28:27'),
(5, 'heater', 0, 101, NULL, '2016-07-15 00:28:27'),
(6, 'steamer', 0, 101, NULL, '2016-07-15 00:28:27'),
(7, 'vent', 0, 101, NULL, '2016-07-15 00:28:27');

-- --------------------------------------------------------

--
-- Table structure for table `preset_options`
--

CREATE TABLE IF NOT EXISTS `preset_options` (
  `id` int(11) NOT NULL AUTO_INCREMENT,
  `preset_id` int(11) NOT NULL,
  `key` varchar(255) CHARACTER SET utf8 COLLATE utf8_bin NOT NULL,
  `minValue` float DEFAULT NULL,
  `maxValue` float DEFAULT NULL,
  `created_at` timestamp NULL DEFAULT NULL,
  `updated_at` timestamp NULL DEFAULT NULL,
  PRIMARY KEY (`id`)
) ENGINE=InnoDB  DEFAULT CHARSET=utf8 COLLATE=utf8_unicode_ci AUTO_INCREMENT=35 ;

--
-- Dumping data for table `preset_options`
--

INSERT INTO `preset_options` (`id`, `preset_id`, `key`, `minValue`, `maxValue`, `created_at`, `updated_at`) VALUES
(10, 1, 'airHumidity', 10, 12, '2016-06-25 20:30:56', '2016-06-25 20:30:56'),
(11, 1, 'soilHumidity', 12, 13, NULL, NULL),
(12, 1, 'temperature', 23, 23, NULL, NULL),
(13, 1, 'luminance', 12, 13, NULL, NULL),
(19, 5, 'temperature', 1, 2, '2016-06-28 11:58:15', '2016-06-28 11:58:15'),
(20, 5, 'airHumidity', 2, 3, '2016-06-28 11:58:15', '2016-06-28 11:58:15'),
(21, 5, 'luminance', 3, 4, '2016-06-28 11:58:15', '2016-06-28 11:58:15'),
(22, 5, 'soilHumidity', 4, 5, '2016-06-28 11:58:15', '2016-06-28 11:58:15'),
(31, 8, 'temperature', 18, 26, '2016-07-02 17:27:50', '2016-07-02 17:27:50'),
(32, 8, 'soilHumidity', 200, 600, '2016-07-02 17:27:50', '2016-07-02 17:27:50'),
(33, 8, 'airHumidity', 40, 60, '2016-07-02 17:27:50', '2016-07-02 17:27:50'),
(34, 8, 'luminance', 50, 80, '2016-07-02 17:27:50', '2016-07-02 17:27:50');

-- --------------------------------------------------------

--
-- Table structure for table `presets`
--

CREATE TABLE IF NOT EXISTS `presets` (
  `id` int(11) NOT NULL AUTO_INCREMENT,
  `name` varchar(255) CHARACTER SET utf8 COLLATE utf8_bin NOT NULL,
  `created_at` timestamp NULL DEFAULT NULL,
  `updated_at` timestamp NULL DEFAULT NULL,
  PRIMARY KEY (`id`)
) ENGINE=InnoDB  DEFAULT CHARSET=utf8 COLLATE=utf8_unicode_ci AUTO_INCREMENT=9 ;

--
-- Dumping data for table `presets`
--

INSERT INTO `presets` (`id`, `name`, `created_at`, `updated_at`) VALUES
(1, 'carrot', NULL, NULL),
(5, 'cucumber', '2016-06-28 11:58:15', '2016-06-28 11:58:15'),
(8, 'tomato', '2016-07-02 17:27:50', '2016-07-02 17:27:50');

/*!40101 SET CHARACTER_SET_CLIENT=@OLD_CHARACTER_SET_CLIENT */;
/*!40101 SET CHARACTER_SET_RESULTS=@OLD_CHARACTER_SET_RESULTS */;
/*!40101 SET COLLATION_CONNECTION=@OLD_COLLATION_CONNECTION */;
